Label,3D View,Control bar
"p, page1_0","webgl-container, page1_0","div, page1_0"
"p, page1_1","webgl-container, page1_1","div, page1_1"
"p, page1_2","webgl-container, page1_2","div, page1_2"
"p, page1_3","webgl-container, page1_3","div, page1_3"
"p, page1_4","webgl-container, page1_4","div, page1_4"
"p, page1_5","webgl-container, page1_5","div, page1_5"
"p, page2_0","webgl-container, page2_0","div, page2_0"
"p, page2_1","webgl-container, page2_1","div, page2_1"
"p, page2_2","webgl-container, page2_2","div, page2_2"
"p, page2_3","webgl-container, page2_3","div, page2_3"
"p, page2_4","webgl-container, page2_4","div, page2_4"
"p, page2_5","webgl-container, page2_5","div, page2_5"
"p, page3_0","webgl-container, page3_0","div, page3_0"
"p, page3_1","webgl-container, page3_1","div, page3_1"
"p, page3_2","webgl-container, page3_2","div, page3_2"
"p, page3_3","webgl-container, page3_3","div, page3_3"
"p, page3_4","webgl-container, page3_4","div, page3_4"
"p, page3_5","webgl-container, page3_5","div, page3_5"
"p, page4_0","webgl-container, page4_0","div, page4_0"
"p, page4_1","webgl-container, page4_1","div, page4_1"
"p, page4_2","webgl-container, page4_2","div, page4_2"
"p, page4_3","webgl-container, page4_3","div, page4_3"
"p, page4_4","webgl-container, page4_4","div, page4_4"
"p, page4_5","webgl-container, page4_5","div, page4_5"
"p, page5_0","webgl-container, page5_0","div, page5_0"
"p, page5_1","webgl-container, page5_1","div, page5_1"
"p, page5_2","webgl-container, page5_2","div, page5_2"
"p, page5_3","webgl-container, page5_3","div, page5_3"
"p, page5_4","webgl-container, page5_4","div, page5_4"
"p, page5_5","webgl-container, page5_5","div, page5_5"
"p, page6_0","webgl-container, page6_0","div, page6_0"
"p, page6_1","webgl-container, page6_1","div, page6_1"
"p, page6_2","webgl-container, page6_2","div, page6_2"
"p, page6_3","webgl-container, page6_3","div, page6_3"
"p, page6_4","webgl-container, page6_4","div, page6_4"
"p, page6_5","webgl-container, page6_5","div, page6_5"
"p, page7_0","webgl-container, page7_0","div, page7_0"
"p, page7_1","webgl-container, page7_1","div, page7_1"
"p, page7_2","webgl-container, page7_2","div, page7_2"
"p, page7_3","webgl-container, page7_3","div, page7_3"
"p, page7_4","webgl-container, page7_4","div, page7_4"
"p, page7_5","webgl-container, page7_5","div, page7_5"
"p, page8_0","webgl-container, page8_0","div, page8_0"
"p, page8_1","webgl-container, page8_1","div, page8_1"
"p, page8_2","webgl-container, page8_2","div, page8_2"
"p, page8_3","webgl-container, page8_3","div, page8_3"
"p, page8_4","webgl-container, page8_4","div, page8_4"
"p, page8_5","webgl-container, page8_5","div, page8_5"
"p, page9_0","webgl-container, page9_0","div, page9_0"
"p, page9_1","webgl-container, page9_1","div, page9_1"
"p, page9_2","webgl-container, page9_2","div, page9_2"
"p, page9_3","webgl-container, page9_3","div, page9_3"
"p, page9_4","webgl-container, page9_4","div, page9_4"
"p, page9_5","webgl-container, page9_5","div, page9_5"
"p, page10_0","webgl-container, page10_0","div, page10_0"
"p, page10_1","webgl-container, page10_1","div, page10_1"
"p, page10_2","webgl-container, page10_2","div, page10_2"
"p, page10_3","webgl-container, page10_3","div, page10_3"
"p, page10_4","webgl-container, page10_4","div, page10_4"
"p, page10_5","webgl-container, page10_5","div, page10_5"
"p, page11_0","webgl-container, page11_0","div, page11_0"
"p, page11_1","webgl-container, page11_1","div, page11_1"
"p, page11_2","webgl-container, page11_2","div, page11_2"
"p, page11_3","webgl-container, page11_3","div, page11_3"
"p, page11_4","webgl-container, page11_4","div, page11_4"
"p, page11_5","webgl-container, page11_5","div, page11_5"
"p, page12_0","webgl-container, page12_0","div, page12_0"
"p, page12_1","webgl-container, page12_1","div, page12_1"
"p, page12_2","webgl-container, page12_2","div, page12_2"
"p, page12_3","webgl-container, page12_3","div, page12_3"
"p, page12_4","webgl-container, page12_4","div, page12_4"
"p, page12_5","webgl-container, page12_5","div, page12_5"
"p, page13_0","webgl-container, page13_0","div, page13_0"
"p, page13_1","webgl-container, page13_1","div, page13_1"
"p, page13_2","webgl-container, page13_2","div, page13_2"
"p, page13_3","webgl-container, page13_3","div, page13_3"
"p, page13_4","webgl-container, page13_4","div, page13_4"
"p, page13_5","webgl-container, page13_5","div, page13_5"
"p, page14_0","webgl-container, page14_0","div, page14_0"
"p, page14_1","webgl-container, page14_1","div, page14_1"
"p, page14_2","webgl-container, page14_2","div, page14_2"
"p, page14_3","webgl-container, page14_3","div, page14_3"
"p, page14_4","webgl-container, page14_4","div, page14_4"
"p, page14_5","webgl-container, page14_5","div, page14_5"
"p, page15_0","webgl-container, page15_0","div, page15_0"
"p, page15_1","webgl-container, page15_1","div, page15_1"
"p, page15_2","webgl-container, page15_2","div, page15_2"
"p, page15_3","webgl-container, page15_3","div, page15_3"
"p, page15_4","webgl-container, page15_4","div, page15_4"
"p, page15_5","webgl-container, page15_5","div, page15_5"
"p, page16_0","webgl-container, page16_0","div, page16_0"
"p, page16_1","webgl-container, page16_1","div, page16_1"
"p, page16_2","webgl-container, page16_2","div, page16_2"
"p, page16_3","webgl-container, page16_3","div, page16_3"
"p, page16_4","webgl-container, page16_4","div, page16_4"
"p, page16_5","webgl-container, page16_5","div, page16_5"
"p, page17_0","webgl-container, page17_0","div, page17_0"
"p, page17_1","webgl-container, page17_1","div, page17_1"
"p, page17_2","webgl-container, page17_2","div, page17_2"
"p, page17_3","webgl-container, page17_3","div, page17_3"
"p, page17_4","webgl-container, page17_4","div, page17_4"
"p, page17_5","webgl-container, page17_5","div, page17_5"
"p, page18_0","webgl-container, page18_0","div, page18_0"
"p, page18_1","webgl-container, page18_1","div, page18_1"
"p, page18_2","webgl-container, page18_2","div, page18_2"
"p, page18_3","webgl-container, page18_3","div, page18_3"
"p, page18_4","webgl-container, page18_4","div, page18_4"
"p, page18_5","webgl-container, page18_5","div, page18_5"
"p, page19_0","webgl-container, page19_0","div, page19_0"
"p, page19_1","webgl-container, page19_1","div, page19_1"
"p, page19_2","webgl-container, page19_2","div, page19_2"
"p, page19_3","webgl-container, page19_3","div, page19_3"
"p, page19_4","webgl-container, page19_4","div, page19_4"
"p, page19_5","webgl-container, page19_5","div, page19_5"
"p, page20_0","webgl-container, page20_0","div, page20_0"
"p, page20_1","webgl-container, page20_1","div, page20_1"
"p, page20_2","webgl-container, page20_2","div, page20_2"
"p, page20_3","webgl-container, page20_3","div, page20_3"
"p, page20_4","webgl-container, page20_4","div, page20_4"
"p, page20_5","webgl-container, page20_5","div, page20_5"
"p, page21_0","webgl-container, page21_0","div, page21_0"
"p, page21_1","webgl-container, page21_1","div, page21_1"
"p, page21_2","webgl-container, page21_2","div, page21_2"
"p, page21_3","webgl-container, page21_3","div, page21_3"
"p, page21_4","webgl-container, page21_4","div, page21_4"
"p, page21_5","webgl-container, page21_5","div, page21_5"
"p, page22_0","webgl-container, page22_0","div, page22_0"
"p, page22_1","webgl-container, page22_1","div, page22_1"
"p, page22_2","webgl-container, page22_2","div, page22_2"
"p, page22_3","webgl-container, page22_3","div, page22_3"
"p, page22_4","webgl-container, page22_4","div, page22_4"
"p, page22_5","webgl-container, page22_5","div, page22_5"
"p, page23_0","webgl-container, page23_0","div, page23_0"
"p, page23_1","webgl-container, page23_1","div, page23_1"
"p, page23_2","webgl-container, page23_2","div, page23_2"
"p, page23_3","webgl-container, page23_3","div, page23_3"
"p, page23_4","webgl-container, page23_4","div, page23_4"
"p, page23_5","webgl-container, page23_5","div, page23_5"
"p, page24_0","webgl-container, page24_0","div, page24_0"
"p, page24_1","webgl-container, page24_1","div, page24_1"
"p, page24_2","webgl-container, page24_2","div, page24_2"
"p, page24_3","webgl-container, page24_3","div, page24_3"
"p, page24_4","webgl-container, page24_4","div, page24_4"
"p, page24_5","webgl-container, page24_5","div, page24_5"
